project,#u_classes,#d_classes,#uv_classes,#dv_classes,#u_sloc,#d_sloc,#uv_classes_sloc,#dv_classes_sloc,#uv_p1_r1,#uv_p1_r2,#uv_p1_r3,#uv_p1_r4,#uv_p2_r1,#uv_p2_r2,#uv_p2_r3,#uv_p2_r4,#uv_p3_r1,#uv_p3_r2,#uv_p3_r3,#uv_p3_r4,#dv_p1_r1,#dv_p1_r2,#dv_p1_r3,#dv_p1_r4,#dv_p2_r1,#dv_p2_r2,#dv_p2_r3,#dv_p2_r4,#dv_p3_r1,#dv_p3_r2,#dv_p3_r3,#dv_p3_r4
mguillem.JSErrorCollector,1,250,0,2,53,6194,0,45,0,0,0,0,0,0,0,0,0,0,0,0,0,0,0,1,0,0,0,0,0,0,0,1
abelaska.jedis-lock,2,50,0,2,104,9612,0,69,0,0,0,0,0,0,0,0,0,0,0,0,0,0,0,0,0,0,0,3,0,0,0,0
mpetersen.aes-example,2,86,0,0,98,3093,0,0,0,0,0,0,0,0,0,0,0,0,0,0,0,0,0,0,0,0,0,0,0,0,0,0
mitre.HTTP-Proxy-Servlet,2,467,0,10,318,15507,0,1174,0,0,0,0,0,0,0,0,0,0,0,0,0,0,0,0,0,0,0,43,0,0,0,0
tdunning.anomaly-detection,2,1106,0,31,82,38987,0,3607,0,0,0,0,0,0,0,0,0,0,0,0,0,0,0,7,0,0,0,38,0,0,0,4
Netflix.curator,3,168,0,3,90,3049,0,104,0,0,0,0,0,0,0,0,0,0,0,0,0,0,0,0,0,0,0,3,0,0,0,1
RedisLabs.redis-quartz,3,981,0,30,1120,44121,0,4629,0,0,0,0,0,0,0,0,0,0,0,0,0,0,0,0,0,0,0,79,0,0,0,111
slugify.slugify,3,1383,0,64,142,57124,0,7078,0,0,0,0,0,0,0,0,0,0,0,0,0,0,0,16,0,0,0,60,0,0,0,26
clohfink.RendezvousHash,3,1874,0,5,95,35189,0,179,0,0,0,0,0,0,0,0,0,0,0,0,0,0,0,2,0,0,0,1,0,0,0,2
wuman.JReadability,4,208,0,0,204,4014,0,0,0,0,0,0,0,0,0,0,0,0,0,0,0,0,0,0,0,0,0,0,0,0,0,0
ToastShaman.dropwizard-auth-jwt,4,231,0,8,122,6735,0,579,0,0,0,0,0,0,0,0,0,0,0,0,0,0,0,6,0,0,0,22,0,0,0,4
mitreid-connect.json-web-key-generator,4,2036,0,7,107,39429,0,278,0,0,0,0,0,0,0,0,0,0,0,0,0,0,0,0,0,0,0,5,0,0,0,4
zheludkovm.LinuxJavaFixes,5,366,0,25,150,19243,0,3445,0,0,0,0,0,0,0,0,0,0,0,0,0,0,0,12,0,0,0,37,0,0,0,1
maciejzaleski.JMeter-WebSocketSampler,5,663,1,9,648,28313,283,1331,0,0,0,3,0,0,0,0,0,0,0,0,0,0,0,0,0,0,0,13,0,0,0,0
robinst.git-merge-repos,5,1254,0,31,282,42855,0,3611,0,0,0,0,0,0,0,0,0,0,0,0,0,0,0,2,0,0,0,51,0,0,0,0
simplicityitself.Mongo-Tomcat-Sessions,5,4652,1,390,319,251872,233,93955,0,0,0,0,0,0,0,3,0,0,0,0,0,0,0,97,0,1,3,244,0,0,0,400
beyondj2ee.flumeng-kafka-plugin,5,15375,0,159,115,231317,0,37244,0,0,0,0,0,0,0,0,0,0,0,0,0,0,0,38,0,0,0,323,0,0,0,10
organicveggie.metrics-statsd,6,102,0,1,159,2647,0,34,0,0,0,0,0,0,0,0,0,0,0,0,0,0,0,0,0,0,0,2,0,0,0,1
isrsal.spring-mvc-logger,6,137,0,2,146,7972,0,123,0,0,0,0,0,0,0,0,0,0,0,0,0,0,0,0,0,0,0,3,0,0,0,1
SINTEF-9012.JArduino,6,171,0,4,191,4448,0,512,0,0,0,0,0,0,0,0,0,0,0,0,0,0,0,0,0,0,0,2,0,0,0,2
rstoyanchev.spring-mvc-chat,6,3003,0,91,99,101991,0,10136,0,0,0,0,0,0,0,0,0,0,0,0,0,0,0,1,0,0,0,156,0,0,0,7
trung.InMemoryJavaCompiler,7,23,1,1,143,868,63,34,0,0,0,0,0,0,0,1,0,0,0,0,0,0,0,0,0,0,0,2,0,0,0,1
Moocar.logback-gelf,7,369,0,18,400,11359,0,1633,0,0,0,0,0,0,0,0,0,0,0,0,0,0,0,2,0,0,0,16,0,0,0,12
HolmesNL.kafka-spout,7,1261,0,435,260,82427,0,8062,0,0,0,0,0,0,0,0,0,0,0,0,0,0,0,0,0,0,0,448,0,0,0,7
andriusvelykis.reflow-maven-skin,8,482,0,4,465,18226,0,662,0,0,0,0,0,0,0,0,0,0,0,0,0,0,0,0,0,0,0,4,0,0,0,1
justinsb.jetcd,8,1849,0,6,330,36262,0,179,0,0,0,0,0,0,0,0,0,0,0,0,0,0,0,0,0,0,0,4,0,0,0,5
healthonnet.hon-lucene-synonyms,8,2758,1,77,313,86771,62,11339,0,0,0,1,0,0,0,0,0,0,0,0,0,0,0,58,0,0,0,69,0,0,0,6
rtyley.roboguice-sherlock,9,119,0,8,427,2337,0,346,0,0,0,0,0,0,0,0,0,0,0,0,0,0,0,12,0,0,0,1,0,0,0,6
qmx.jitescript,9,166,0,2,1675,12468,0,277,0,0,0,0,0,0,0,0,0,0,0,0,0,0,0,1,0,0,0,4,0,0,0,0
zznate.hector-examples,9,1012,0,27,190,42458,0,2295,0,0,0,0,0,0,0,0,0,0,0,0,0,0,0,15,0,0,0,32,0,0,0,3
afawcett.githubsfdeploy,9,2021,0,49,181,55116,0,4193,0,0,0,0,0,0,0,0,0,0,0,0,0,0,0,0,0,1,0,73,0,0,0,7
gwenn.sqlite-dialect,9,4474,0,164,129,148385,0,24447,0,0,0,0,0,0,0,0,0,0,0,0,0,0,0,11,0,0,0,278,0,0,0,27
arimus.jmimemagic,10,122,0,4,673,7269,0,397,0,0,0,0,0,0,0,0,0,0,0,0,0,0,0,2,0,0,0,10,0,0,0,0
huaban.jieba-analysis,10,217,1,1,495,15355,30,247,0,0,0,1,0,0,0,0,0,0,0,0,0,0,0,0,0,0,0,0,0,0,0,5
michaelisvy.hibernate-4-spring-3.1-samples,10,1646,0,43,260,45592,0,4327,0,0,0,0,0,0,0,0,0,0,0,0,0,0,0,5,0,0,0,70,0,0,0,9
pac4j.spring-security-pac4j,10,2325,0,38,407,88267,0,4641,0,0,0,0,0,0,0,0,0,0,0,0,0,0,0,0,0,0,0,60,0,0,0,7
swagger-api.validator-badge,10,4816,0,62,328,130829,0,7947,0,0,0,0,0,0,0,0,0,0,0,0,0,0,0,19,0,1,6,97,0,0,0,18
ptgoetz.storm-signals,10,13014,0,163,200,298006,0,20017,0,0,0,0,0,0,0,0,0,0,0,0,0,0,0,15,0,1,1,273,0,0,0,44
rtyley.android-screenshot-lib,11,141,0,6,228,6525,0,703,0,0,0,0,0,0,0,0,0,0,0,0,0,0,0,0,0,0,0,10,0,0,0,0
square.burst,11,233,2,3,320,5722,89,67,0,0,0,0,0,0,0,0,0,0,0,2,0,0,0,4,0,0,0,0,0,0,0,0
jingwei.cleo-primer,11,1097,2,17,363,36633,142,1163,0,0,0,2,0,0,0,1,0,0,0,0,0,0,0,0,0,0,0,27,0,0,0,0
apache.oltu,11,1866,0,46,506,47627,0,4179,0,0,0,0,0,0,0,0,0,0,0,0,0,0,0,8,0,0,0,73,0,0,0,10
thoqbk.traprange,11,2726,0,24,364,77278,0,2782,0,0,0,0,0,0,0,0,0,0,0,0,0,0,0,3,0,0,0,55,0,0,0,4
medcl.elasticsearch-analysis-stconvert,11,5488,0,165,304,177031,0,16117,0,0,0,0,0,0,0,0,0,0,0,0,0,0,0,30,0,0,0,270,0,0,0,5
dvdme.forecastio-lib-java,12,20,0,1,844,1016,0,8,0,0,0,0,0,0,0,0,0,0,0,0,0,0,0,1,0,0,0,0,0,0,0,1
bujiio.buji-pac4j,13,253,0,1,437,8434,0,16,0,0,0,0,0,0,0,0,0,0,0,0,0,0,0,0,0,0,0,2,0,0,0,0
ua-parser.uap-java,13,729,0,9,313,20897,0,1053,0,0,0,0,0,0,0,0,0,0,0,0,0,0,0,0,0,0,0,9,0,0,0,3
nurkiewicz.spring-data-jdbc-repository,13,1970,2,59,573,57140,312,5380,0,0,0,1,0,0,0,0,0,0,0,1,0,0,0,5,0,0,0,69,0,0,0,24
uaihebert.uaicontacts,13,5075,0,149,414,136152,0,14030,0,0,0,0,0,0,0,0,0,0,0,0,0,0,0,3,0,0,0,247,0,0,0,35
medcl.elasticsearch-analysis-pinyin,13,5488,0,165,397,177031,0,16117,0,0,0,0,0,0,0,0,0,0,0,0,0,0,0,30,0,0,0,272,0,0,0,5
tomdz.storm-esper,13,5973,0,228,238,119348,0,21931,0,0,0,0,0,0,0,0,0,0,0,0,0,0,1,62,0,0,1,440,0,0,0,55
fluent.fluent-logger-java,14,215,2,9,497,9706,155,790,0,0,0,1,0,0,0,1,0,0,0,0,0,0,0,0,0,0,0,18,0,0,0,6
karussell.snacktory,14,503,0,11,1012,13531,0,616,0,0,0,0,0,0,0,0,0,0,0,0,0,0,0,0,0,0,0,12,0,0,0,3
spinscale.elasticsearch-opennlp-plugin,14,7675,0,274,262,220099,0,26471,0,0,0,0,0,0,0,0,0,0,0,0,0,0,0,37,0,0,0,431,0,0,0,16
hertzsprung.hamcrest-json,15,51,0,0,180,1455,0,0,0,0,0,0,0,0,0,0,0,0,0,0,0,0,0,0,0,0,0,0,0,0,0,0
dieselpoint.norm,15,163,1,4,678,7283,147,694,0,0,0,0,0,0,0,0,0,0,0,3,0,0,0,0,0,0,0,2,0,0,0,5
smacke.jaydio,15,418,0,17,1154,16614,0,1961,0,0,0,0,0,0,0,0,0,0,0,0,0,0,0,0,0,0,0,16,0,0,0,4
wstrange.GoogleAuth,15,562,0,10,482,19484,0,1094,0,0,0,0,0,0,0,0,0,0,0,0,0,0,0,0,0,0,0,43,0,0,0,0
Atmosphere.atmosphere-play,15,648,1,11,493,18266,65,2284,0,0,0,1,0,0,0,1,0,0,0,0,0,0,0,2,0,0,0,12,0,0,0,5
thymeleaf.thymeleafexamples-stsm,15,4463,3,111,368,133098,109,9580,0,0,0,2,0,0,0,4,0,0,0,0,0,0,0,2,0,0,0,154,0,0,0,22
zenobase.geocluster-facet,15,8925,0,236,450,257360,0,25965,0,0,0,0,0,0,0,0,0,0,0,0,0,0,0,20,0,0,0,405,0,0,0,13
taylorleese.google-app-engine-jappstart,15,9915,1,644,618,233589,50,34082,0,0,0,0,0,0,0,2,0,0,0,0,0,0,0,245,0,0,0,1348,0,0,0,32
richmidwinter.google-api-translate-java,16,19,2,1,535,1311,122,54,0,0,0,0,0,0,0,3,0,0,0,0,0,0,0,0,0,0,0,1,0,0,0,0
ptgoetz.storm-jms,16,58,0,0,353,569,0,0,0,0,0,0,0,0,0,0,0,0,0,0,0,0,0,0,0,0,0,0,0,0,0,0
asual.lesscss-engine,16,484,1,11,625,35419,95,3898,0,0,0,0,0,0,0,1,0,0,0,0,0,0,0,6,0,0,0,19,0,0,0,0
libgdx.box2dlights,16,1015,2,51,1182,62088,411,7054,0,0,0,0,0,0,0,2,0,0,0,0,0,0,0,30,0,0,0,86,0,0,0,5
alexxiyang.shiro-redis,16,1378,1,20,811,58542,17,4926,0,0,0,0,0,0,0,2,0,0,0,0,0,0,0,1,0,0,0,41,0,0,0,5
rstoyanchev.spring-websocket-test,16,2160,0,60,333,83337,0,6260,0,0,0,0,0,0,0,0,0,0,0,0,0,0,0,0,0,0,0,96,0,0,0,4
mongobee.mongobee,16,2836,1,44,579,81794,44,4133,0,0,0,0,0,0,0,1,0,0,0,0,0,0,0,2,0,0,0,71,0,0,0,5
mikera.clisk,16,3287,0,8,2405,28400,0,1882,0,0,0,0,0,0,0,0,0,0,0,0,0,0,0,5,0,0,0,5,0,0,0,3
abel533.Mybatis-Spring,16,8722,1,398,323,377901,31,57812,0,0,0,0,0,0,0,2,0,0,0,0,0,0,6,78,0,0,3,622,0,0,0,86
perwendel.spark-template-engines,17,5933,0,162,358,176596,0,14897,0,0,0,0,0,0,0,0,0,0,0,0,0,0,0,26,0,0,0,225,0,0,0,16
codelibs.elasticsearch-river-web,17,7121,1,248,751,189329,153,23940,0,0,0,1,0,0,0,0,0,0,0,0,0,0,0,20,0,0,0,418,0,0,0,19
awslabs.route53-infima,17,7767,0,149,365,232123,0,17146,0,0,0,0,0,0,0,0,0,0,0,0,0,0,0,11,0,0,0,584,0,0,0,0
spring-projects.aws-maven,17,8845,0,179,724,275359,0,21959,0,0,0,0,0,0,0,0,0,0,0,0,0,0,0,11,0,0,0,701,0,0,0,29
hoijui.JavaOSC,18,16,0,0,218,677,0,0,0,0,0,0,0,0,0,0,0,0,0,0,0,0,0,0,0,0,0,0,0,0,0,0
flipkart-incubator.zjsonpatch,18,1252,0,39,742,66570,0,8506,0,0,0,0,0,0,0,0,0,0,0,0,0,0,0,0,0,0,0,82,0,0,0,0
resthub.springmvc-router,18,1706,1,49,702,60449,275,6124,0,0,0,1,0,0,0,1,0,0,0,0,0,0,0,3,0,0,0,75,0,0,0,4
rstoyanchev.spring-mvc-31-demo,18,2019,0,70,336,61031,0,6166,0,0,0,0,0,0,0,0,0,0,0,0,0,0,0,1,0,1,0,115,0,0,0,9
b.kafka-websocket,18,5013,2,61,423,89927,84,6709,0,0,0,0,0,0,0,6,0,0,0,0,0,0,0,67,0,0,0,81,0,0,0,16
karussell.elasticsearch-reindex,18,8941,0,234,409,251057,0,25078,0,0,0,0,0,0,0,0,0,0,0,0,0,0,0,19,0,0,0,430,0,0,0,13
opendatalab-de.geojson-jackson,19,799,2,37,606,50613,147,8355,0,0,0,0,0,0,0,3,0,0,0,0,0,0,0,0,0,0,0,79,0,0,0,0
zyclonite.nassh-relay,19,948,0,28,738,51482,0,2452,0,0,0,0,0,0,0,0,0,0,0,0,0,0,0,6,0,0,0,18,0,0,0,14
skyscreamer.JSONassert,20,8,0,0,1033,861,0,0,0,0,0,0,0,0,0,0,0,0,0,0,0,0,0,0,0,0,0,0,0,0,0,0
ehcache.ehcache-jcache,20,1414,0,27,1078,47384,0,2147,0,0,0,0,0,0,0,0,0,0,0,0,0,0,0,3,0,0,0,29,0,0,0,8
RamosLi.dbay-apns-for-java,21,40,2,3,715,2062,139,427,0,0,0,0,0,0,0,5,0,0,0,0,0,0,0,2,0,0,0,10,0,0,0,0
bulldog2011.bigqueue,21,1702,1,4,1134,31162,60,164,0,0,0,0,0,0,0,0,0,0,0,1,0,0,0,0,0,0,0,3,0,0,0,3
nurkiewicz.async-retry,22,23,0,1,886,868,0,34,0,0,0,0,0,0,0,0,0,0,0,0,0,0,0,0,0,0,0,2,0,0,0,1
MoriTanosuke.glacieruploader,22,1137,0,28,971,51284,0,3102,0,0,0,0,0,0,0,0,0,0,0,0,0,0,0,2,0,0,1,69,0,0,0,14
vdmeer.asciitable,23,115,2,0,803,2009,54,0,0,0,0,0,0,0,0,2,0,0,0,0,0,0,0,0,0,0,0,0,0,0,0,0
DeemOpen.zkui,23,2634,3,172,1516,144776,701,31463,0,0,0,0,0,1,0,4,0,0,0,0,0,0,15,6,0,0,13,188,0,0,0,132
yakaz.elasticsearch-analysis-combo,23,7797,6,288,549,222372,150,28659,0,0,0,0,0,0,0,0,0,0,0,6,0,0,0,41,0,0,0,459,0,0,0,16
codelibs.elasticsearch-reindexing,24,36,0,0,385,828,0,0,0,0,0,0,0,0,0,0,0,0,0,0,0,0,0,0,0,0,0,0,0,0,0,0
gary-rowe.hid4java,24,107,1,8,558,4295,126,1439,0,0,0,0,0,0,0,1,0,0,0,0,0,0,0,2,0,0,0,7,0,0,0,2
ysc.search,24,640,0,20,849,30820,0,4101,0,0,0,0,0,0,0,0,0,0,0,0,0,0,0,4,0,0,0,54,0,0,0,5
noveogroup.android-logger,25,28,0,1,1036,1306,0,34,0,0,0,0,0,0,0,0,0,0,0,0,0,0,0,0,0,0,0,2,0,0,0,1
morfologik.morfologik-stemming,25,119,0,1,517,3653,0,87,0,0,0,0,0,0,0,0,0,0,0,0,0,0,0,0,0,0,0,0,0,0,0,2
abstractj.kalium,25,625,11,4,769,11257,413,615,0,0,0,0,0,0,0,19,0,0,0,0,0,0,0,0,0,0,0,3,0,0,0,1
splunk.splunk-library-javalogging,25,1353,1,32,2233,43133,1396,2793,0,0,0,216,0,0,0,0,0,0,0,0,0,0,0,0,0,0,0,79,0,0,0,5
bonigarcia.webdrivermanager,26,1360,1,19,2120,53364,625,1945,0,0,0,1,0,0,0,0,0,0,0,0,0,0,0,1,0,0,0,50,0,0,0,9
cloudera.kitten,26,1476,0,32,931,34829,0,5635,0,0,0,0,0,0,0,0,0,0,0,0,0,0,0,8,0,0,0,30,0,0,0,4
suguru.cassandra-webconsole,26,3153,1,92,655,102614,102,12289,0,0,0,0,0,0,0,1,0,0,0,0,0,0,0,26,0,0,0,105,0,0,0,31
stormpath.todos-jersey,27,203,1,2,895,6739,31,64,0,0,0,0,0,0,0,2,0,0,0,0,0,0,0,0,0,0,0,3,0,0,0,1
mvogiatzis.first-stories-twitter,27,897,0,60,894,51006,0,10232,0,0,0,0,0,0,0,0,0,0,0,0,0,0,0,20,0,0,0,96,0,0,0,5
MichaelTamm.junit-toolbox,27,1113,0,19,704,33617,0,1291,0,0,0,0,0,0,0,0,0,0,0,0,0,0,0,0,0,0,0,29,0,0,0,4
spring-projects.spring-guice,27,1314,0,27,560,26540,0,2007,0,0,0,0,0,0,0,0,0,0,0,0,0,0,0,0,0,0,0,48,0,0,0,5
kstyrc.embedded-redis,27,1800,0,4,717,37186,0,223,0,0,0,0,0,0,0,0,0,0,0,0,0,0,0,0,0,0,0,2,0,0,0,2
monitorjbl.excel-streaming-reader,27,5726,0,70,1542,352843,0,7006,0,0,0,0,0,0,0,0,0,0,0,0,0,0,0,6,0,0,0,91,0,0,0,4
mscharhag.oleaster,28,233,1,3,1056,5722,56,67,0,0,0,1,0,0,0,0,0,0,0,0,0,0,0,4,0,0,0,0,0,0,0,0
windy1.google-places-api-java,28,746,1,23,1278,24675,410,1492,0,0,0,1,0,0,0,0,0,0,0,0,0,0,0,4,0,0,0,52,0,0,0,0
pac4j.vertx-pac4j,28,1254,0,0,991,73964,0,0,0,0,0,0,0,0,0,0,0,0,0,0,0,0,0,0,0,0,0,0,0,0,0,0
bsnyder.spring-jms-examples,28,2916,0,87,276,132437,0,11345,0,0,0,0,0,0,0,0,0,0,0,0,0,0,0,9,0,0,0,150,0,0,0,51
RIPE-NCC.hadoop-pcap,29,2231,0,21,1034,59727,0,1973,0,0,0,0,0,0,0,0,0,0,0,0,0,0,0,0,0,0,0,67,0,0,0,6
medcl.elasticsearch-analysis-ik,29,6103,1,195,1279,205349,15,18253,0,0,0,1,0,0,0,0,0,0,0,0,0,0,0,35,0,0,0,339,0,0,0,14
salyh.elasticsearch-security-plugin,29,16849,2,553,1036,563655,214,64939,0,0,0,6,0,0,0,0,0,0,0,0,0,0,0,82,0,3,3,968,0,0,0,84
peter-lawrey.Java-Thread-Affinity,30,497,1,10,845,6264,46,1983,0,0,0,0,0,0,0,0,0,0,0,1,0,0,0,1,0,0,0,9,0,0,0,4
sonian.elasticsearch-jetty,30,8255,1,296,937,237671,19,31598,0,0,0,0,0,0,0,1,0,0,0,0,0,0,0,14,0,0,1,503,0,0,0,30
sstrickx.yahoofinance-api,31,648,4,20,2091,39831,103,2851,0,0,0,0,0,0,0,5,0,0,0,0,0,0,0,0,0,0,0,34,0,0,0,1
henryyan.activiti-study,31,8147,1,528,465,365121,40,109528,0,0,0,1,0,0,0,0,0,0,0,0,0,0,4,71,0,0,2,524,0,0,0,429
stephenc.high-scale-lib,32,52,2,1,1136,1885,16,8,0,0,0,0,0,0,0,0,0,0,0,2,0,0,0,0,0,0,0,0,0,0,0,1
mttkay.calculon,32,132,0,4,898,12557,0,786,0,0,0,0,0,0,0,0,0,0,0,0,0,0,0,0,0,0,0,6,0,0,0,4
ksfzhaohui.gameserver,33,3370,3,134,528,105633,86,10074,0,0,0,3,0,0,0,0,0,0,0,0,0,0,0,31,0,0,0,173,0,0,0,23
liquibase.liquibase-hibernate,33,6101,2,269,1515,241658,90,39415,0,0,0,0,0,0,0,1,0,0,0,1,0,0,6,11,0,0,3,407,0,0,0,69
awslabs.amazon-kinesis-connectors,33,10656,2,345,1125,339756,204,38138,0,0,1,0,0,0,1,0,0,0,0,2,0,0,0,18,0,0,0,618,0,0,0,15
vidstige.jadb,35,507,0,11,1117,9027,0,508,0,0,0,0,0,0,0,0,0,0,0,0,0,0,0,0,0,0,0,11,0,0,0,3
spotify.futures-extra,35,1993,0,2,649,40412,0,161,0,0,0,0,0,0,0,0,0,0,0,0,0,0,0,0,0,0,0,1,0,0,0,1
tumblr.jumblr,36,403,0,4,1396,17583,0,371,0,0,0,0,0,0,0,0,0,0,0,0,0,0,0,0,0,0,0,2,0,0,0,6
blockchain.api-v1-client-java,36,564,1,4,2006,24531,67,309,0,0,0,0,0,0,0,1,0,0,0,0,0,0,0,0,0,0,0,2,0,0,0,7
spring-cloud.spring-cloud-bus,36,1061,2,17,641,34226,62,953,0,0,0,0,0,0,0,3,0,0,0,0,0,0,0,1,0,0,0,19,0,0,0,4
ppat.storm-rabbitmq,37,437,3,8,1002,9347,104,436,0,0,0,0,0,0,0,5,0,0,0,0,0,0,0,0,0,0,0,15,0,0,0,1
sleberknight.zookeeper-samples,37,708,0,28,985,24883,0,2642,0,0,0,0,0,0,0,0,0,0,0,0,0,0,0,3,0,0,0,57,0,0,0,6
google.gwtmockito,37,12802,2,402,332,455235,89,63371,0,0,0,0,0,0,0,1,0,0,0,2,0,0,0,149,0,1,0,1289,0,0,0,47
brsanthu.google-analytics-java,38,509,1,14,2181,18065,206,1447,0,0,0,0,0,0,0,1,0,0,0,0,0,0,0,2,0,0,0,51,0,0,0,3
kpelykh.docker-java,38,1242,7,21,1768,52770,593,2061,0,0,0,0,0,0,0,27,0,0,0,0,0,0,0,0,0,0,0,62,0,0,0,5
jeluard.semantic-versioning,39,357,4,7,1584,19769,275,424,0,0,0,0,0,0,0,7,0,0,0,0,0,0,0,0,0,0,0,11,0,0,0,0
kenglxn.QRGen,39,556,0,27,1473,23857,0,1839,0,0,0,0,0,0,0,0,0,0,0,0,0,0,0,2,0,0,0,66,0,0,0,0
jesperfj.force-rest-api,39,642,7,19,1207,39077,356,2790,0,0,0,0,0,0,0,13,0,0,0,0,0,0,0,0,0,0,0,32,0,0,0,1
odiszapc.nginx-java-parser,40,198,4,10,1515,8412,397,1389,0,0,0,0,0,0,0,9,0,0,0,1,0,0,0,0,0,0,0,16,0,0,0,4
RuedigerMoeller.fast-cast,40,203,2,27,2032,11243,524,4340,0,0,0,4,0,0,0,0,0,0,0,0,0,0,0,16,0,0,0,27,0,0,0,10
maxmind.GeoIP2-java,40,1282,0,47,1072,66632,0,9550,0,0,0,0,0,0,0,0,0,0,0,0,0,0,0,0,0,0,0,122,0,0,0,0
IanWraith.DMRDecode,41,252,7,2,2733,5501,845,53,0,0,0,0,0,0,0,16,0,0,0,0,0,0,0,2,0,0,0,0,0,0,0,0
mguymon.model-citizen,41,939,1,38,657,37115,145,3721,0,0,0,0,0,0,0,0,0,0,0,1,0,0,0,0,0,0,0,60,0,0,0,10
zelandiya.maui,41,3381,1,307,2502,160095,13,51398,0,0,0,0,0,0,0,4,0,0,0,0,0,0,5,165,0,0,2,352,0,0,0,68
mwanji.toml4j,42,173,0,2,1188,3415,0,25,0,0,0,0,0,0,0,0,0,0,0,0,0,0,0,0,0,0,0,1,0,0,0,2
TrigerSoft.jaque,43,36,1,0,2354,4340,177,0,0,0,0,0,0,0,0,1,0,0,0,0,0,0,0,0,0,0,0,0,0,0,0,0
tking.JSTUN,44,23,0,1,1160,868,0,34,0,0,0,0,0,0,0,0,0,0,0,0,0,0,0,0,0,0,0,2,0,0,0,1
andresoviedo.google-drive-ftp-adapter,44,710,2,44,1568,106180,333,4778,0,0,0,0,0,0,0,0,0,0,0,4,0,0,4,3,0,0,0,41,0,0,0,31
smola.galimatias,44,1097,0,64,1272,50774,0,6221,0,0,0,0,0,0,0,0,0,0,0,0,0,0,0,20,0,0,0,63,0,0,0,23
aharin.inproctester,44,3919,1,101,775,128891,34,10103,0,0,0,1,0,0,0,0,0,0,0,0,0,0,0,3,0,0,0,167,0,0,0,13
spring-projects.spring-webflow-samples,44,7891,3,183,834,295013,198,16571,0,0,0,0,0,0,0,10,0,0,0,0,0,0,0,73,0,0,0,281,0,0,0,36
yandex-qatools.postgresql-embedded,45,151,1,0,1575,2541,29,0,0,0,0,0,0,0,0,0,0,0,0,1,0,0,0,0,0,0,0,0,0,0,0,0
GeoKnow.LinkedGeoData,45,1898,3,60,1593,73170,399,7822,0,0,0,0,0,0,0,1,0,0,0,7,0,0,15,10,0,1,3,55,0,0,0,34
Stratio.stratio-connector-mongodb,46,517,0,11,1317,17189,0,563,0,0,0,0,0,0,0,0,0,0,0,0,0,0,0,3,0,0,0,8,0,0,0,4
mesos.storm,46,4221,0,242,1791,94567,0,8141,0,0,0,0,0,0,0,0,0,0,0,0,0,0,0,200,0,3,0,76,0,0,0,12
tulskiy.jkeymaster,47,136,1,9,682,5611,22,1473,0,0,0,0,0,0,0,1,0,0,0,0,0,0,0,2,0,0,0,9,0,0,0,3
jexp.batch-import,47,3018,3,59,1107,87665,388,6142,0,0,0,0,0,0,0,3,0,0,0,0,0,0,0,20,0,0,0,67,0,0,0,13
apache.commons-fileupload,49,108,3,1,1243,6517,433,89,0,0,0,0,0,0,0,6,0,0,0,0,0,0,0,0,0,0,0,1,0,0,0,0
eclipse.leshan,49,888,1,28,1431,41010,58,4431,0,0,0,0,0,0,0,1,0,0,0,0,0,0,0,2,0,0,0,36,0,0,0,8
optimaize.language-detector,49,1907,1,6,1591,35252,53,523,0,0,0,0,0,0,0,2,0,0,0,0,0,0,0,0,0,0,0,3,0,0,0,6
zeroturnaround.zt-exec,50,146,2,2,1427,8431,544,124,0,0,0,0,0,0,0,3,0,0,0,0,0,0,0,0,0,0,0,3,0,0,0,1
AzureAD.azure-activedirectory-library-for-java,50,793,0,12,1957,36303,0,1016,0,0,0,0,0,0,0,0,0,0,0,0,0,0,0,0,0,0,0,23,0,0,0,9
heroku.java-getting-started,51,435,2,24,2167,25862,310,4331,0,0,0,0,0,0,0,2,0,0,0,0,0,0,3,4,0,0,5,14,0,0,0,19
HypixelDev.PublicAPI,51,623,2,12,963,18297,220,1115,0,0,0,0,0,0,0,1,0,0,0,1,0,0,0,0,0,0,0,44,0,0,0,2
entertailion.Fling,52,1051,2,33,1497,32056,278,4103,0,0,0,0,0,0,0,3,0,0,0,0,0,0,0,7,0,0,0,65,0,0,0,5
yandex-qatools.htmlelements,52,1216,1,16,1647,44763,77,2925,0,0,0,0,0,0,0,0,0,0,0,1,0,0,0,0,0,0,0,24,0,0,0,9
tlrx.elasticsearch-test,52,8266,4,284,1224,233601,151,29546,0,0,0,0,0,0,0,0,0,0,0,4,0,0,0,18,0,0,0,479,0,0,0,15
Berico-Technologies.CLAVIN,53,3415,0,97,2891,122866,0,10638,0,0,0,0,0,0,0,0,0,0,0,0,0,0,0,23,0,0,0,116,0,0,0,41
vladimirvivien.clamshell-cli,54,289,1,11,1144,7516,5,336,0,0,0,0,0,0,0,2,0,0,0,0,0,0,0,15,0,0,0,7,0,0,0,26
swagger-api.swagger-parser,54,1130,1,26,3395,60158,1136,4593,0,0,0,24,0,0,0,0,0,0,0,0,0,0,0,14,0,0,0,38,0,0,0,2
martinpaljak.GlobalPlatformPro,54,1487,0,35,2066,42135,0,2809,0,0,0,0,0,0,0,0,0,0,0,0,0,0,0,1,0,0,0,72,0,0,0,4
alibaba.asyncload,54,4774,2,166,1172,140954,173,22255,0,0,0,0,0,0,0,3,0,0,0,0,0,0,0,40,0,0,0,359,0,0,0,14
fusesource.jansi,55,31,15,0,2354,709,335,0,0,0,0,17,0,0,0,1,0,0,0,62,0,0,0,0,0,0,0,0,0,0,0,0
Pragmatists.junitparams,55,286,0,0,1361,6773,0,0,0,0,0,0,0,0,0,0,0,0,0,0,0,0,0,0,0,0,0,0,0,0,0,0
spotify.trickle,55,1720,0,3,602,30135,0,130,0,0,0,0,0,0,0,0,0,0,0,0,0,0,0,0,0,0,0,1,0,0,0,2
fordfrog.apgdiff,56,729,0,19,3185,31884,0,3589,0,0,0,0,0,0,0,0,0,0,0,0,0,0,0,1,0,0,0,26,0,0,0,6
wg.lettuce,56,814,0,5,4519,27863,0,374,0,0,0,0,0,0,0,0,0,0,0,0,0,0,0,2,0,0,0,4,0,0,0,1
eshioji.trident-tutorial,56,17468,1,366,1261,401213,75,37156,0,0,0,0,0,0,0,3,0,0,0,0,0,0,0,60,0,0,0,580,0,0,0,39
spring-cloud-samples.authserver,57,326,4,4,1840,9002,324,242,0,0,0,0,0,0,0,6,0,0,0,0,0,0,0,0,0,0,0,10,0,0,0,0
eirslett.frontend-maven-plugin,57,1481,0,50,1415,63817,0,7919,0,0,0,0,0,0,0,0,0,0,0,0,0,0,0,4,0,0,0,118,0,0,0,4
spring-cloud-samples.sso,58,152,4,4,1849,2609,323,353,0,0,0,0,0,0,0,6,0,0,0,0,0,0,0,0,0,0,0,5,0,0,0,0
vdenotaris.spring-boot-security-saml-sample,58,248,2,138,2165,7708,310,3402,0,0,0,0,0,0,0,2,0,0,0,0,0,0,0,0,0,0,0,10,0,0,0,133
hoserdude.spring-boot-mybatis-profile-sandbox,58,1136,4,81,1850,74487,299,14548,0,0,0,0,0,0,0,6,0,0,0,0,0,0,4,4,0,0,3,98,0,0,0,37
jlinn.quartz-redis-jobstore,58,1599,0,60,2036,86970,0,10547,0,0,0,0,0,0,0,0,0,0,0,0,0,0,0,1,0,0,0,141,0,0,0,110
jkrasnay.sqlbuilder,60,567,2,29,1683,31266,136,2321,0,0,0,0,0,0,0,0,0,0,0,2,0,0,0,1,0,0,0,33,0,0,0,18
psidnell.ofexport2,60,3513,5,115,2901,139693,480,14672,0,0,0,0,0,0,0,13,0,0,0,2,0,0,5,66,0,0,0,180,0,0,0,23
bclozel.spring-resource-handling,60,4860,0,1085,73,203830,0,57029,0,0,0,0,0,0,0,0,0,0,0,0,0,0,0,32,0,0,0,154,0,0,0,975
red5.red5-client,61,333,4,33,1692,12264,738,3376,0,0,0,2,0,0,0,3,0,0,0,0,0,0,0,23,0,0,0,25,0,0,0,2
tjake.Solandra,62,3507,4,158,2763,130558,423,20807,0,0,0,2,0,0,0,8,0,0,0,2,0,0,0,58,0,3,0,191,0,0,0,24
raphaeljolivet.java2typescript,62,5917,0,160,1441,208225,0,20753,0,0,0,0,0,0,0,0,0,0,0,0,0,0,0,12,0,0,1,259,0,0,0,29
apache.opennlp,63,928,2,32,1624,26742,58,1654,0,0,0,2,0,0,0,3,0,0,0,0,0,0,0,0,0,0,0,75,0,0,0,0
twitter.netty-http2,64,339,0,2,1892,13490,0,376,0,0,0,0,0,0,0,0,0,0,0,0,0,0,0,2,0,0,0,2,0,0,0,0
mtedone.podam,65,431,4,4,2028,20853,180,623,0,0,0,0,0,0,0,6,0,0,0,1,0,0,0,0,0,0,0,4,0,0,0,7
javaeekickoff.java-ee-kickoff-app,65,2467,1,108,1542,134708,62,16641,0,0,0,0,0,0,0,2,0,0,0,0,0,0,4,54,0,0,4,174,0,0,0,41
beders.Resty,66,152,7,18,3537,10996,582,2915,0,0,0,2,0,0,0,6,0,0,0,1,0,0,0,1,0,0,0,74,0,0,0,5
tntim96.JSCover,66,4745,4,30,3097,136439,541,5660,0,0,0,3,0,0,0,3,0,0,0,0,0,0,0,10,0,0,0,21,0,0,0,9
pmerienne.trident-ml,67,864,10,37,2808,44565,842,3311,0,0,0,0,0,0,0,22,0,0,0,0,0,0,0,5,0,0,0,51,0,0,0,2
manuelbua.libgdx-contribs,67,993,2,48,2294,60993,252,7200,0,0,0,1,0,0,0,2,0,0,0,0,0,0,0,32,0,0,0,82,0,0,0,5
tkaczmarzyk.specification-arg-resolver,67,1671,1,13,1619,51999,32,1605,0,0,0,0,0,0,0,1,0,0,0,0,0,0,0,1,0,0,0,10,0,0,0,9
yasserg.crawler4j,67,7561,2,190,2603,204906,167,25769,0,0,0,0,0,0,0,6,0,0,0,0,0,0,16,65,0,0,6,212,0,0,0,105
TooTallNate.Java-WebSocket,68,34,3,2,2905,2060,198,95,0,0,0,1,0,0,0,4,0,0,0,0,0,0,0,0,0,0,0,4,0,0,0,1
lukas-krecan.future-converter,68,5807,0,65,1115,114770,0,3282,0,0,0,0,0,0,0,0,0,0,0,0,0,0,0,4,0,0,0,67,0,0,0,12
giltene.jHiccup,71,60,0,0,5213,5076,0,0,0,0,0,0,0,0,0,0,0,0,0,0,0,0,0,0,0,0,0,0,0,0,0,0
spotify.sparkey-java,71,1893,0,8,2812,37105,0,348,0,0,0,0,0,0,0,0,0,0,0,0,0,0,0,0,0,0,0,8,0,0,0,6
tabulapdf.tabula-java,71,5444,3,246,2631,221415,339,23168,0,0,0,1,0,0,0,3,0,0,0,0,0,0,0,20,0,0,0,521,0,0,0,13
julman99.gson-fire,73,174,0,2,1130,3378,0,27,0,0,0,0,0,0,0,0,0,0,0,0,0,0,0,0,0,0,0,1,0,0,0,2
mcxiaoke.android-volley,73,1698,2,0,2041,69964,101,0,0,0,0,0,0,0,0,3,0,0,0,0,0,0,0,0,0,0,0,0,0,0,0,0
bramp.ffmpeg-cli-wrapper,73,3957,0,62,2386,127265,0,8346,0,0,0,0,0,0,0,0,0,0,0,0,0,0,0,2,0,0,0,66,0,0,0,20
rnewson.couchdb-lucene,73,14480,1,139,1647,648851,54,18016,0,0,0,0,0,0,0,1,0,0,0,0,0,0,0,30,0,3,1,199,0,0,0,31
spring-projects.spring-petclinic,74,1174,2,5,2165,33471,310,279,0,0,0,0,0,0,0,2,0,0,0,0,0,0,0,1,0,0,0,1,0,0,0,3
centic9.jgit-cookbook,75,1715,0,36,1195,66912,0,4491,0,0,0,0,0,0,0,0,0,0,0,0,0,0,0,2,0,0,0,61,0,0,0,0
apache.commons-dbcp,77,123,15,3,8730,4261,1232,427,0,0,0,0,0,0,0,9,0,0,0,10,0,0,0,1,0,0,0,6,0,0,0,0
apache.commons-pool,77,272,0,9,2636,9494,0,1023,0,0,0,0,0,0,0,0,0,0,0,0,0,0,0,0,0,0,0,19,0,0,0,1
rschildmeijer.deft,77,1050,1,23,1610,23466,7,2863,0,0,0,3,0,0,0,0,0,0,0,0,0,0,0,8,0,0,0,13,0,0,0,21
apache.commons-validator,78,780,1,35,4658,27939,174,2470,0,0,0,0,0,0,0,0,0,0,0,1,0,0,0,20,0,0,0,47,0,0,0,2
jexp.neo4j-shell-tools,79,1245,4,33,2453,50884,175,5145,0,0,0,2,0,0,0,1,0,0,0,1,0,0,0,7,0,0,0,44,0,0,0,8
addthis.stream-lib,79,10800,4,200,3200,283091,263,34377,0,0,0,0,0,0,0,7,0,0,0,0,0,0,0,0,0,0,0,514,0,0,0,2
ttrelle.spring-data-examples,81,5306,7,38,2602,150468,507,3467,0,0,0,0,0,0,0,12,0,0,0,0,0,0,0,2,0,0,0,61,0,0,0,4
damienclaveau.kafka-graphite,82,75,2,0,2965,2719,261,0,0,0,0,0,0,0,0,0,0,0,0,4,0,0,0,0,0,0,0,0,0,0,0,0
rschreijer.lutung,82,790,20,16,1902,27815,747,1636,0,0,0,2,0,0,0,42,0,0,0,0,0,0,0,2,0,0,0,55,0,0,0,2
tinkerpop.furnace,82,1844,5,15,2565,39400,985,1718,0,0,0,0,0,0,0,0,0,0,0,15,0,0,0,0,0,0,0,4,0,0,0,25
tamingtext.book,82,11967,5,703,3098,558479,312,105764,0,0,0,0,0,0,0,5,0,0,0,1,0,0,14,185,0,4,3,1102,0,0,0,158
adamfisk.LittleProxy,83,4276,1,48,2208,149308,26,4554,0,0,0,1,0,0,0,0,0,0,0,0,0,0,0,5,0,0,0,69,0,0,0,15
fpj.zookeeper-book-example,84,885,0,29,918,28324,0,2611,0,0,0,0,0,0,0,0,0,0,0,0,0,0,0,6,0,0,0,53,0,0,0,6
zsoltherpai.fluent-jdbc,85,513,2,4,1968,7330,146,174,0,0,0,0,0,0,0,0,0,0,0,3,0,0,0,0,0,0,0,5,0,0,0,2
zeroturnaround.zt-zip,86,23,1,1,2842,872,13,34,0,0,0,1,0,0,0,0,0,0,0,0,0,0,0,0,0,0,0,2,0,0,0,1
jdereg.java-util,86,832,3,27,2223,26831,466,2285,0,0,0,1,0,0,0,2,0,0,0,1,0,0,0,0,0,0,0,42,0,0,0,3
timurstrekalov.saga,86,4417,0,147,1913,179807,0,27440,0,0,0,0,0,0,0,0,0,0,0,0,0,0,0,22,0,1,1,220,0,0,0,55
pearson-enabling-technologies.elasticsearch-approx-plugin,86,8512,1,275,1625,231062,48,25278,0,0,0,0,0,0,0,1,0,0,0,0,0,0,0,34,0,0,0,423,0,0,0,19
zhegexiaohuozi.JsoupXpath,87,710,2,14,1979,31254,425,2219,0,0,0,0,0,0,0,8,0,0,0,0,0,0,0,0,0,0,0,21,0,0,0,10
GrammarViz2.grammarviz2_src,87,2404,7,65,3697,132204,852,16196,0,0,0,29,0,0,0,5,0,0,0,1,0,0,0,48,0,0,0,158,0,0,0,9
jeevatkm.digitalocean-api-java,89,887,9,14,4706,35750,909,1418,0,0,0,0,0,0,0,21,0,0,0,0,0,0,0,0,0,0,0,46,0,0,0,8
google.compile-testing,89,3473,0,2,1375,52739,0,161,0,0,0,0,0,0,0,0,0,0,0,0,0,0,0,0,0,0,0,1,0,0,0,1
sachin-handiekar.jInstagram,90,524,0,5,3656,24799,0,383,0,0,0,0,0,0,0,0,0,0,0,0,0,0,0,0,0,0,0,5,0,0,0,8
ronmamo.reflections,91,2621,5,43,2436,72819,1064,5219,0,0,0,1,0,0,0,5,0,0,0,0,0,0,0,22,0,0,0,49,0,0,0,7
ralscha.extdirectspring,96,4495,0,103,3219,155542,0,10987,0,0,0,0,0,0,0,0,0,0,0,0,0,0,0,1,0,0,0,152,0,0,0,13
uncodecn.uncode-dal-all,96,5684,3,197,5296,232444,317,29116,0,0,0,0,0,0,0,4,0,0,0,2,0,0,6,11,0,0,2,285,0,0,0,68
sonalgoyal.hiho,99,3739,11,262,3420,175048,915,32853,0,0,0,0,0,0,0,1,0,0,0,13,17,1,5,3,0,19,2,440,0,0,0,42
googleads.aw-reporting,99,18423,2,527,22255,605083,91,75794,0,0,0,0,0,0,0,3,0,0,0,0,0,0,5,67,0,0,2,966,0,0,0,106
awslabs.amazon-kinesis-aggregators,100,2848,4,70,3676,131288,231,10515,0,0,0,0,0,0,0,3,0,0,0,4,0,0,0,8,0,0,0,179,0,0,0,0
ova2.primefaces-cookbook,102,5172,12,249,2809,229065,577,23797,0,0,0,4,0,0,0,21,0,0,0,0,0,0,0,75,0,0,0,444,0,0,0,40
alibaba.tamper,105,830,5,24,2470,36922,122,2474,0,0,0,0,0,0,0,6,0,0,0,2,0,0,0,1,0,0,0,35,0,0,0,3
yannrichet.jmathplot,110,32,28,9,9167,4231,3354,1119,0,0,0,10,0,0,0,101,0,0,0,3,0,0,0,14,0,0,0,5,0,0,0,0
jruby.joni,111,165,3,17,7189,8333,420,2220,0,0,0,1,0,0,0,3,0,0,0,0,0,0,0,2,0,0,0,23,0,0,0,0
l0rdn1kk0n.wicket-bootstrap,111,3270,3,40,1372,127749,101,10228,0,0,0,1,0,0,0,5,0,0,0,0,0,0,0,10,0,0,0,37,0,0,0,15
makersoft.mybatis-shards,113,1913,4,132,2224,86480,321,19433,0,0,0,0,0,0,0,12,0,0,0,3,0,0,0,42,0,0,0,285,0,0,0,19
spotify.folsom,114,2869,4,9,3481,80998,178,1210,0,0,0,0,0,0,0,5,0,0,0,0,0,0,0,0,0,0,0,10,0,0,0,7
ysc.word,115,8781,0,232,4355,281054,0,22500,0,0,0,0,0,0,0,0,0,0,0,0,0,0,0,61,0,0,0,369,0,0,0,9
relayrides.pushy,116,1414,4,13,4625,52854,981,1322,0,0,0,0,0,0,0,3,0,0,0,2,0,0,0,0,0,0,0,13,0,0,0,13
SpigotMC.BungeeCord,116,4010,10,15,4168,128492,567,1282,0,0,0,0,0,0,0,31,0,0,0,1,0,0,0,2,0,0,0,11,0,0,0,7
jsurfer.JsonSurfer,118,1545,4,85,2928,77578,469,14815,0,0,0,0,0,0,0,9,0,0,0,1,0,0,0,20,0,0,0,122,0,0,0,8
Syncleus.Ferma,119,5446,0,20,1816,83148,0,1819,0,0,0,0,0,0,0,0,0,0,0,0,0,0,0,2,0,0,0,17,0,0,0,4
apache.commons-beanutils,122,549,4,5,6500,17592,363,557,0,0,0,0,0,0,0,6,0,0,0,0,0,0,0,1,0,0,0,9,0,0,0,0
urbanairship.datacube,122,4429,9,98,2801,123200,669,15108,0,0,0,0,0,0,0,30,0,0,0,0,1,0,0,85,0,0,0,228,0,0,0,22
jprante.elasticsearch-transport-websocket,124,9431,3,234,3088,268698,435,24895,0,0,0,2,0,0,0,9,0,0,0,0,0,0,0,21,0,0,0,402,0,0,0,14
holgerbrandl.themoviedbapi,126,3087,0,43,3919,110978,0,9074,0,0,0,0,0,0,0,0,0,0,0,0,0,0,0,2,0,0,0,86,0,0,0,9
dataArtisans.flink-dataflow,126,9006,4,47,2548,114876,108,3209,0,0,0,1,0,0,0,1,0,0,0,2,0,0,0,11,0,0,0,50,0,0,0,7
nyholku.purejavacomm,127,107,6,8,3448,4295,949,1439,0,0,0,8,0,0,0,92,0,0,0,20,0,0,0,3,0,0,0,6,0,0,0,2
databricks.learning-spark,127,8296,0,146,992,161906,0,11947,0,0,0,0,0,0,0,0,0,0,0,0,0,0,0,0,0,0,0,251,0,0,0,9
gresrun.jesque,129,1362,6,47,3695,78889,377,8853,0,0,0,0,0,0,0,12,0,0,0,0,0,0,0,1,0,0,0,95,0,0,0,2
xSAVIKx.AndroidScreencast,129,2428,3,27,3592,56875,140,3035,0,0,0,0,0,0,0,2,0,0,0,1,0,0,0,4,0,0,0,32,0,0,0,13
TheHolyWaffle.TeamSpeak-3-Java-API,130,34,0,2,7897,2060,0,95,0,0,0,0,0,0,0,0,0,0,0,0,0,0,0,0,0,0,0,4,0,0,0,1
tdunning.log-synth,130,5525,0,96,3268,195346,0,29866,0,0,0,0,0,0,0,0,0,0,0,0,0,0,0,211,0,0,0,165,0,0,0,162
Comcast.jrugged,131,6784,2,208,3410,191355,129,25672,0,0,0,0,0,0,0,3,0,0,0,0,0,0,0,45,0,0,0,431,0,0,0,26
jkuhnert.ognl,132,423,6,27,7587,20628,1833,3603,0,0,0,3,0,0,0,8,0,0,0,2,0,0,0,15,0,0,0,40,0,0,0,3
webbit.webbit,132,814,2,5,4082,27810,157,374,0,0,0,0,0,0,0,2,0,0,0,0,0,0,0,2,0,0,0,4,0,0,0,1
antlr.stringtemplate4,133,117,10,4,6271,5889,3478,442,0,0,0,4,0,0,0,12,0,0,0,2,0,0,0,3,0,0,0,4,0,0,0,0
jwtk.jjwt,133,647,3,19,3379,40073,284,2889,0,0,0,0,0,0,0,3,0,0,0,1,0,0,0,0,0,0,0,31,0,0,0,0
geosolutions-it.geoserver-manager,134,611,0,19,6805,34314,0,3134,0,0,0,0,0,0,0,0,0,0,0,0,0,0,0,4,0,0,0,58,0,0,0,2
normanmaurer.netty-in-action,135,2897,1,34,1552,113399,159,2407,0,0,0,1,0,0,0,0,0,0,0,0,0,0,0,26,0,0,0,13,0,0,0,1
gearman.java-service,137,39,6,3,3943,2117,381,114,0,0,0,0,0,0,0,8,0,0,0,0,0,0,0,1,0,0,0,4,0,0,0,1
acciente.oacc-core,137,4621,41,189,7430,169869,2672,15676,0,0,0,0,0,0,0,1,0,0,0,164,0,0,0,20,0,0,0,366,0,0,0,30
forcedotcom.wsc,138,864,10,39,8384,38099,1603,7983,0,0,0,0,0,0,0,23,0,0,0,0,0,0,0,8,0,0,0,68,0,0,0,3
joestelmach.natty,140,585,6,104,10913,29997,7846,15589,0,0,0,1,0,0,0,8,0,0,0,1,0,0,0,3,0,0,0,14,0,0,0,195
mapstruct.mapstruct-examples,140,2418,0,28,1940,75322,0,12121,0,0,0,0,0,0,0,0,0,0,0,0,0,0,0,0,0,0,0,30,0,0,0,3
OpenNMS.newts,140,4120,4,38,3093,93095,248,2820,0,0,0,1,0,0,0,3,0,0,0,1,0,0,0,8,0,0,0,29,0,0,0,24
Simmetrics.simmetrics,142,1809,0,3,1764,33961,0,213,0,0,0,0,0,0,0,0,0,0,0,0,0,0,0,0,0,0,0,1,0,0,0,2
javalite.activeweb,143,6962,3,122,5306,216040,269,14363,0,0,0,0,0,0,0,3,0,0,0,0,0,0,1,25,0,0,2,139,0,0,0,53
Esri.spatial-framework-for-hadoop,144,1127,2,44,2580,84185,252,9173,0,0,0,2,0,0,0,1,0,0,0,0,0,0,0,7,0,0,0,79,0,0,0,0
jitsi.jitsi-videobridge,144,4506,5,227,8366,168483,1254,20442,0,0,0,0,0,0,0,4,0,0,0,2,0,0,0,38,0,0,0,300,0,0,0,23
flaxsearch.luwak,146,4621,0,58,3164,115600,0,5712,0,0,0,0,0,0,0,0,0,0,0,0,0,0,0,20,0,0,0,82,0,0,0,6
Slikey.EffectLib,147,48,2,1,4448,548,406,41,0,0,0,0,0,0,0,1,0,0,0,2,0,0,0,0,0,0,0,1,0,0,0,0
RuedigerMoeller.kontraktor,148,219,21,28,5302,11608,2929,4475,0,0,0,27,0,0,0,12,0,0,0,6,0,0,0,18,0,0,0,27,0,0,0,10
jsampson.prevayler,150,1036,6,39,3710,34704,186,4469,0,0,0,0,0,0,0,10,0,0,0,3,0,0,0,13,0,0,0,39,0,0,0,10
mirador.mirador,150,2942,13,60,11956,145470,4055,30126,0,0,0,20,0,0,0,18,0,0,0,4,0,0,0,167,0,0,0,115,0,0,0,158
semanticvectors.semanticvectors,150,6250,21,173,6871,211877,2169,48056,0,0,0,11,0,0,0,16,0,0,0,3,0,0,0,43,0,0,0,285,0,0,0,9
AxonFramework.Axon-trader,151,9012,1,385,6561,336079,52,52488,0,0,0,0,0,0,0,3,0,0,0,0,0,0,1,61,0,0,10,671,0,0,0,76
skyscreamer.yoga,151,11584,2,443,3189,433960,160,63698,0,0,0,0,0,0,0,2,0,0,0,0,0,0,4,107,0,3,2,1085,0,0,0,104
okleine.nCoAP,154,2601,7,17,4922,61084,388,782,0,0,0,1,0,0,0,13,0,0,0,1,0,0,0,5,0,0,0,9,0,0,0,9
Sable.heros,155,4109,1,6,2975,47138,477,327,0,0,0,1,0,0,0,0,0,0,0,0,0,0,0,0,0,0,0,3,0,0,0,5
UweTrottmann.tmdb-java,159,87,2,0,1754,800,33,0,0,0,0,0,0,0,0,1,0,0,0,6,0,0,0,0,0,0,0,0,0,0,0,0
BottegaIT.ddd-cqrs-sample,159,3657,4,65,2487,100628,193,7488,0,0,0,0,0,0,0,8,0,0,0,0,0,0,0,3,0,0,0,90,0,0,0,26
peakgames.libgdx-stagebuilder,162,1078,3,53,5548,65820,373,7637,0,0,0,2,0,0,0,5,0,0,0,0,0,0,0,26,0,0,0,107,0,0,0,5
pulsarIO.realtime-analytics,162,4767,6,97,6193,137368,265,10963,0,0,0,11,0,0,0,4,0,0,0,2,0,0,0,11,0,2,0,140,0,0,0,49
groupon.odo,163,7232,16,339,7224,304518,3350,46681,0,0,8,16,0,0,0,18,0,0,0,9,0,3,4,36,0,1,3,567,0,0,0,74
JavaMoney.jsr354-ri,165,84,1,0,5998,1778,42,0,0,0,0,0,0,0,0,1,0,0,0,0,0,0,0,0,0,0,0,0,0,0,0,0
red5.red5-server,165,3342,18,167,5672,117598,1269,18266,0,0,0,14,0,0,0,10,0,0,0,1,0,0,0,41,0,0,0,241,0,0,0,132
secure-software-engineering.soot-infoflow-android,167,4595,11,143,4566,205380,436,14824,0,0,0,10,0,0,0,1,0,0,0,0,0,0,0,95,0,0,0,126,0,0,0,11
brianfrankcooper.YCSB,169,118110,9,2660,9875,2525867,770,277836,0,0,0,2,0,0,1,20,0,0,0,7,0,0,2,1170,0,3,15,2985,0,0,0,336
ttddyy.datasource-proxy,175,556,6,44,7242,20771,338,3825,0,0,0,0,0,0,0,11,0,0,0,0,0,0,0,3,0,0,0,68,0,0,0,17
4pr0n.ripme,178,1291,8,31,6097,46940,784,2216,0,0,0,4,0,0,0,3,0,0,0,2,0,0,0,0,0,0,1,62,0,0,0,8
FasterXML.jackson-jr,179,58,26,0,16587,3542,6142,0,0,0,0,4,0,0,0,50,0,0,0,5,0,0,0,0,0,0,0,0,0,0,0,0
mheath.adbcj,182,1070,13,8,4827,39913,357,697,0,0,0,0,0,0,0,28,0,0,0,2,0,0,0,3,0,0,0,12,0,0,0,0
jenkinsci.trilead-ssh2,186,34,42,4,7283,2572,1303,875,0,0,0,0,0,0,0,52,0,0,0,2,0,0,0,0,0,0,0,14,0,0,0,0
jmock-developers.jmock-library,186,3470,4,26,3159,52685,229,3401,0,0,0,0,0,0,0,2,0,0,0,2,0,0,0,3,0,0,0,33,0,0,0,5
termd.termd,186,6350,6,203,5322,254571,1073,19662,0,0,0,1,0,0,0,7,0,0,0,465,0,0,0,8,0,0,0,459,0,0,0,9
audit4j.audit4j-core,187,2166,5,83,5039,90924,352,11849,0,0,0,2,0,0,0,18,0,0,0,0,0,0,0,55,0,0,0,91,0,0,0,26
penberg.fjord,188,2094,3,39,10389,55114,6216,13697,0,0,0,2,0,0,0,2,0,0,0,0,0,0,0,24,0,0,0,59,0,0,0,30
javanna.elasticshell,191,8187,1,316,6913,263575,27,32288,0,0,0,0,0,0,0,2,0,0,0,0,0,0,0,61,0,0,0,479,0,0,0,75
yinlou.mltk,194,286,15,0,12087,6773,1118,0,0,0,0,0,0,0,0,45,0,0,0,1,0,0,0,0,0,0,0,0,0,0,0,0
foursquare.heapaudit,196,159,6,0,10295,9212,526,0,0,0,0,1,0,0,0,6,0,0,0,1,0,0,0,0,0,0,0,0,0,0,0,0
hibernate.hibernate-tools,199,9989,6,511,8680,445544,254,96784,0,0,3,0,0,0,0,1,0,0,0,2,0,0,0,117,0,0,0,1676,0,0,0,50
killme2008.aviator,202,137,5,6,11956,6911,583,583,0,0,0,1,0,0,0,2,0,0,0,2,0,0,0,0,0,0,0,7,0,0,0,2
klout.brickhouse,202,8588,5,285,3143,265440,150,41759,0,0,0,5,0,0,0,0,0,0,0,0,18,1,0,122,0,19,0,513,0,0,0,36
senseidb.zoie,203,13937,15,273,6062,351447,1413,35913,0,0,0,6,0,0,0,10,0,0,0,2,0,0,0,27,0,3,1,622,0,0,0,23
subchen.jetbrick-template-2x,205,3340,5,119,5816,118147,691,11602,0,0,0,0,0,0,0,11,0,0,0,1,0,0,0,9,0,5,0,171,0,0,0,51
alphazero.jredis,211,281,5,13,6977,9974,1819,1013,0,0,0,0,0,0,0,7,0,0,0,0,0,0,0,2,0,0,0,20,0,0,0,2
killme2008.gecko,216,25,4,3,8956,1427,222,414,0,0,0,1,0,0,0,6,0,0,0,4,0,0,0,2,0,0,0,10,0,0,0,0
mpetazzoni.ttorrent,219,1013,7,15,6155,27223,702,820,0,0,0,1,0,0,0,9,0,0,0,0,0,0,0,1,0,0,0,14,0,0,0,3
Matthias247.jawampa,220,1822,1,19,2132,61647,65,2550,0,0,0,0,0,0,0,1,0,0,0,0,0,0,0,2,0,0,0,26,0,0,0,1
webx.citrus,223,3850,5,106,7881,188936,344,17057,0,0,0,0,0,0,0,3,0,0,0,4,0,0,0,23,0,0,0,198,0,0,0,5
ESAPI.esapi-java-legacy,229,4784,5,119,11177,210997,553,14175,0,0,0,3,0,0,0,16,0,0,0,2,0,0,0,21,0,0,1,207,0,0,0,16
spring-cloud.spring-cloud-commons,233,4105,1,42,3703,116890,37,4381,0,0,0,0,0,0,0,3,0,0,0,0,0,0,0,2,0,0,0,75,0,0,0,14
secure-software-engineering.soot-infoflow,234,4066,9,111,8613,191099,1223,13225,0,0,0,6,0,0,0,12,0,0,0,0,0,0,0,68,0,0,0,112,0,0,0,11
Findwise.Hydra,234,16399,6,719,9393,585505,435,116298,0,0,0,0,0,0,0,9,0,0,0,0,0,0,0,81,0,0,1,715,0,0,0,713
RaiMan.SikuliX2,236,3135,12,89,12368,136634,5448,8360,0,0,0,13,0,0,0,17,0,0,0,12,0,0,0,12,0,0,0,139,0,0,0,41
oldmanpushcart.greys-anatomy,246,1385,4,40,4238,66829,158,5224,0,0,0,0,0,0,0,4,0,0,0,4,0,0,0,23,0,0,0,35,0,0,0,58
SoftInstigate.restheart,247,4847,1,82,9474,123718,485,8208,0,0,0,0,0,0,0,1,0,0,0,0,0,0,0,20,0,0,1,67,0,0,0,88
sd4324530.fastweixin,248,282,11,36,7359,16586,691,5788,1,0,0,0,0,0,0,19,0,0,0,0,0,0,0,21,0,0,0,44,0,0,0,3
adyliu.jafka,248,3768,0,61,6827,174603,0,11293,0,0,0,0,0,0,0,0,0,0,0,0,0,0,0,4,0,0,0,113,0,0,0,2
dhanji.loop,251,113,15,11,3894,8065,334,404,0,0,0,16,0,0,0,13,0,0,0,28,0,0,0,15,0,0,0,11,0,0,0,24
prometheus.jmx_exporter,256,259,5,5,5649,5535,718,718,0,0,0,0,0,0,0,4,0,0,0,2,0,0,0,0,0,0,0,4,0,0,0,2
thinkaurelius.faunus,256,1286,8,29,4369,42791,882,3043,0,0,0,1,0,0,0,2,0,0,0,13,0,0,0,0,0,0,0,23,0,0,0,25
indeedeng.util,263,12993,17,204,9887,283710,2026,27525,0,0,0,1,0,0,0,9,0,0,0,7,0,0,0,2,0,0,0,534,0,0,0,14
searchbox-io.Jest,273,2011,3,5,3868,38944,330,237,0,0,0,2,0,0,0,2,0,0,0,1,0,0,0,0,0,0,0,2,0,0,0,4
feroult.yawp,275,34061,14,700,10550,544008,911,70426,0,0,0,3,0,1,0,6,0,0,0,9,0,3,9,61,0,0,13,1132,0,0,0,232
Erudika.para,287,17860,4,393,13716,634319,643,52412,0,0,0,0,0,3,0,6,0,0,0,3,0,0,0,14,0,0,0,798,0,0,0,76
google.truth,289,3003,0,7,6865,62144,0,1021,0,0,0,0,0,0,0,0,0,0,0,0,0,0,0,0,0,0,0,4,0,0,0,3
garbagemule.MobArena,294,12,3,0,9600,101,202,0,0,0,0,2,0,0,0,1,0,0,0,0,0,0,0,0,0,0,0,0,0,0,0,0
skadistats.clarity,296,1722,11,375,7272,5618,829,2137,0,0,0,2,0,0,0,18,0,0,0,0,0,0,0,372,0,0,0,2,0,0,0,4
forcedotcom.dataloader,308,4744,9,352,9146,289262,1418,67420,0,0,0,4,0,0,0,6,0,0,0,1,0,0,1,72,0,0,0,569,0,0,0,149
zeromq.jeromq,311,9,11,1,9393,715,1315,34,0,0,0,0,0,0,0,17,0,0,0,5,0,0,0,0,0,0,0,1,0,0,0,0
uudashr.jsmpp,313,336,20,11,9604,13360,1257,641,0,0,0,0,0,0,0,41,0,0,0,0,0,0,0,1,0,0,0,11,0,0,0,3
synyx.urlaubsverwaltung,326,5805,1,226,1921,276778,52,35452,0,0,0,0,0,0,0,1,0,0,0,0,0,0,7,5,0,0,6,343,0,0,0,72
Steveice10.MCProtocolLib,335,308,25,10,10344,7422,1005,452,0,0,0,0,0,0,0,50,0,0,0,1,0,0,0,0,0,0,0,9,0,0,0,2
arangodb.arangodb-java-driver,349,172,2,3,8276,3783,132,574,0,0,0,0,0,0,0,2,0,0,0,0,0,0,0,0,0,0,0,4,0,0,0,2
uwolfer.gerrit-rest-java-client,360,2461,2,15,4733,53148,91,1409,0,0,0,0,0,0,0,0,0,0,0,2,0,0,0,0,0,0,0,45,0,0,0,4
filoghost.HolographicDisplays,367,4,14,0,11656,92,1433,0,0,0,0,1,0,0,0,18,0,0,0,10,0,0,0,0,0,0,0,0,0,0,0,0
grundid.nfctools,368,21,62,0,9336,795,1895,0,0,0,0,9,0,0,0,152,0,0,0,6,0,0,0,0,0,0,0,0,0,0,0,0
undera.jmeter-plugins,373,3511,16,77,16387,158396,1570,9008,0,0,0,4,0,0,0,20,0,0,0,2,0,0,0,2,0,0,0,108,0,0,0,15
sanity.quickml,380,16587,8,333,13824,517558,626,57560,0,0,0,2,0,0,0,9,0,0,0,0,0,0,0,31,0,0,0,801,0,0,0,43
javamonkey.beetl2.0,382,210,30,11,10540,8491,3543,1346,0,0,0,36,0,0,0,34,0,0,0,8,0,0,0,0,0,0,0,17,0,0,0,4
spotify.helios,384,7598,21,199,12904,257047,2109,16449,0,0,0,0,0,0,0,49,0,0,0,0,0,0,0,4,0,0,0,457,0,0,0,8
Esri.geometry-api-java,395,107,7,19,33925,12133,818,5527,0,0,0,7,0,0,0,0,0,0,0,0,0,0,0,0,0,0,0,49,0,0,0,0
drewnoakes.metadata-extractor,405,55,98,1,15416,3730,3650,92,0,0,0,7,0,0,0,112,0,0,0,2,0,0,0,0,0,0,0,2,0,0,0,0
google.closure-stylesheets,409,4911,4,60,11105,128202,310,6756,0,0,0,2,0,0,0,2,0,0,0,1,0,0,0,11,0,0,0,110,0,0,0,18
jdereg.n-cube,411,9248,381,1215,21951,393835,21771,82615,0,0,0,0,0,0,0,12,0,0,0,392,0,0,1,45,0,0,0,393,0,0,0,995
ATLauncher.ATLauncher,419,270,9,4,10123,7504,1287,200,0,0,0,2,0,0,0,21,0,0,0,3,0,0,0,0,0,0,0,5,0,0,0,2
KittehOrg.KittehIRCClientLib,419,570,0,3,7294,20555,0,108,0,0,0,0,0,0,0,0,0,0,0,0,0,0,0,0,0,0,0,3,0,0,0,1
ribomation.DroidAtScreen1,446,372,17,0,15147,13421,1358,0,0,0,0,2,0,0,0,19,0,0,0,17,0,0,0,0,0,0,0,0,0,0,0,0
thelinmichael.spotify-web-api-java,447,696,27,4,4037,9961,748,154,0,0,0,0,0,0,0,48,0,0,0,0,0,0,0,0,0,0,0,7,0,0,0,2
movsim.movsim,447,6450,2,88,19520,234270,208,12767,0,0,0,0,0,0,0,2,0,0,0,0,0,0,0,1,0,0,0,112,0,0,0,24
dragon66.icafe,459,587,32,63,20144,29683,2811,9080,0,0,0,2,0,0,0,62,0,0,0,1,0,0,0,10,0,0,0,117,0,0,0,4
galenframework.galen,466,2526,11,57,16926,134048,744,13101,0,0,0,5,0,0,0,15,0,0,0,3,0,0,0,5,0,0,0,99,0,0,0,9
xnio.xnio,477,287,0,0,16350,10231,0,0,0,0,0,0,0,0,0,0,0,0,0,0,0,0,0,0,0,0,0,0,0,0,0,0
raml-org.raml-java-parser,504,2975,4,26,12881,88254,246,2569,0,0,0,5,0,0,0,1,0,0,0,1,0,0,0,0,0,0,0,36,0,0,0,9
xetorthio.jedis,520,111,8,2,23755,4688,382,95,0,0,0,1,0,0,0,12,0,0,0,1,0,0,0,0,0,0,0,4,0,0,0,1
jfaster.mango,527,3091,7,115,14012,90409,871,10488,0,0,0,0,0,0,0,26,0,0,0,7,0,0,0,28,0,0,0,138,0,0,0,40
mcMMO-Dev.mcMMO,531,727,29,61,24612,25854,2718,4956,0,0,4,51,0,0,1,69,0,0,0,37,0,0,8,4,0,0,10,36,0,0,0,73
kairosdb.kairosdb,577,10974,22,214,12486,410413,1434,34687,0,0,0,7,0,0,0,14,0,0,0,7,0,0,5,17,0,2,8,318,0,0,0,178
vvakame.JsonPullParser,589,2396,95,10,22918,56322,9313,395,0,0,0,8,0,0,0,156,0,0,0,3,0,0,0,0,0,0,0,9,0,0,0,3
wendykierp.JTransforms,612,1363,0,26,24896,76690,0,10893,0,0,0,0,0,0,0,0,0,0,0,0,0,0,0,0,0,0,0,42,0,0,0,3
indeedeng.imhotep,622,14531,38,288,24085,355017,7568,36637,0,0,0,22,0,0,0,22,0,0,0,2,0,0,0,27,0,0,0,607,0,0,0,20
finmath.finmath-lib,647,2460,85,40,38523,148381,12844,17391,0,0,0,1,0,0,0,220,0,0,0,0,0,0,0,1,0,0,0,44,0,0,0,8
iipc.openwayback,677,4616,44,251,22202,195248,3555,26027,0,0,0,28,0,3,0,47,0,0,0,14,0,0,0,110,0,0,0,442,0,0,0,14
internetarchive.wayback,691,4174,44,240,22474,179835,3493,24760,0,0,0,26,0,3,0,49,0,0,0,14,0,0,0,106,0,0,0,400,0,0,0,14
jMetal.jMetal,699,5846,27,250,31783,257505,4396,47572,0,0,0,0,0,0,0,42,0,0,0,3,0,0,5,149,0,0,2,346,0,0,0,27
SquidPony.SquidLib,707,1097,57,51,63086,68140,18467,9044,0,0,0,15,0,0,0,138,0,0,0,37,0,0,0,35,0,0,0,82,0,0,0,5
LiveRamp.hank,743,6444,9,193,18468,219679,780,21347,0,0,0,0,0,5,0,6,0,0,0,1,0,0,0,16,0,3,2,295,0,0,0,56
apache.metamodel,752,16447,28,523,27091,563811,2257,61938,0,0,1,1,0,1,0,41,0,0,0,9,0,0,2,92,0,0,4,799,0,0,0,52
radsz.jacop,788,6236,61,931,51608,172734,2629,29285,0,0,0,1,0,0,0,211,0,0,0,12,0,0,0,21,0,0,0,1033,0,0,0,86
Progether.JAdventure,789,187,29,0,24558,4980,2634,0,0,0,0,7,0,0,0,27,0,0,0,18,0,0,0,0,0,0,0,0,0,0,0,0
jmacglashan.burlap,853,2978,30,110,33769,178084,2818,21758,0,0,0,0,0,0,0,66,0,0,0,0,0,0,0,33,0,0,0,157,0,0,0,14
robo-code.robocode,943,493,15,11,28961,13388,1516,602,0,0,0,2,0,0,0,17,0,0,0,9,0,0,0,4,0,0,0,6,0,0,0,6
ata4.bspsrc,957,731,6,0,49680,41666,856,0,0,0,0,0,0,0,0,6,0,0,0,6,0,0,0,0,0,0,0,0,0,0,0,0
fozziethebeat.S-Space,970,1595,26,1,38326,78704,2459,14,0,0,0,0,0,0,0,50,0,0,0,0,0,0,0,0,0,0,0,1,0,0,0,0
tlaukkan.zigbee4java,1007,3506,112,150,23441,134232,4598,12101,0,0,0,0,0,0,0,186,0,0,0,2,0,0,0,8,0,0,0,347,0,0,0,11
linkedin.indextank-engine,1108,3244,23,104,25849,112490,1632,22260,0,0,0,8,0,0,0,24,0,0,0,4,0,0,0,17,0,2,1,165,0,0,0,26
killme2008.Metamorphosis,1310,6375,27,222,24629,198039,1397,27004,0,0,0,8,0,0,0,34,0,0,0,3,0,0,5,31,0,0,3,310,0,0,0,160
google.closure-templates,1634,4719,3,86,40192,134006,177,8428,0,0,0,1,0,0,0,3,0,0,0,0,0,0,0,15,0,0,0,77,0,0,0,39
twilio.twilio-java,1646,3622,5,58,74940,129779,202,10582,0,0,0,0,0,0,0,5,0,0,0,0,0,0,0,0,0,0,0,136,0,0,0,2
looly.hutool,1681,15530,29,528,46248,644516,2539,57595,0,0,0,6,0,0,0,36,0,0,0,8,0,0,1,161,0,0,2,868,0,0,0,93
apache.struts,1759,13848,62,328,59966,476724,5316,42051,0,0,0,32,0,0,0,100,0,0,0,7,0,0,0,42,0,1,1,511,0,0,0,62
MutabilityDetector.MutabilityDetector,1762,2469,23,10,50295,59679,3607,1435,0,0,0,14,0,0,0,32,0,0,0,0,0,0,0,1,0,0,0,10,0,0,0,1
javaparser.javaparser,1881,2415,7,29,56625,60988,1282,3763,0,0,0,5,0,0,0,3,0,0,0,1,0,0,0,15,0,0,0,41,0,0,0,4
martint.jmxutils,2020,2548,2,8,41526,47862,161,394,0,0,0,0,0,0,0,1,0,0,0,1,0,0,0,0,0,0,0,7,0,0,0,5
aragozin.jvm-tools,2309,276,32,1,23586,11369,4328,114,0,0,0,6,0,0,0,51,0,0,0,5,0,0,0,0,0,0,0,4,0,0,0,0
spullara.redis-protocol,2874,4186,48,25,94554,135161,6769,2080,0,0,0,17,0,0,0,68,0,0,0,16,0,0,0,5,0,0,0,33,0,0,0,3
forge.roaster,3023,1727,282,219,213538,155511,59149,51680,0,0,0,852,0,0,0,1218,0,0,0,144,0,0,0,69,0,0,0,1094,0,0,0,24
johncarl81.parceler,3339,26,32,0,83428,505,3085,0,0,0,0,3,0,0,0,57,0,0,0,8,0,0,0,0,0,0,0,0,0,0,0,0
kennycason.kumo,3470,865,70,0,113362,37305,7789,0,0,0,0,5,0,0,0,113,0,0,0,18,0,0,0,0,0,0,0,0,0,0,0,0
google.error-prone,6063,6032,10,22,93798,141766,1355,1957,0,0,0,0,0,0,0,6,0,0,0,5,0,0,0,1,0,0,0,20,0,0,0,10
keedio.flume-ng-sql-source,6185,3500,233,0,241024,125990,33652,0,0,0,1,55,0,0,0,360,0,0,0,31,0,0,0,0,0,0,0,0,0,0,0,0
brendano.ark-tweet-nlp,6463,3143,167,0,255875,111836,26196,0,0,0,0,39,0,0,0,363,0,0,0,15,0,0,0,0,0,0,0,0,0,0,0,0
etsy.PushBot,7264,2807,331,0,374036,170431,60994,0,0,0,3,113,0,3,1,893,0,0,0,70,0,0,0,0,0,0,0,0,0,0,0,0
forcedotcom.Analytics-Cloud-Dataset-Utils,7840,5043,515,0,380858,250441,67413,0,0,0,1,91,0,4,0,738,0,0,0,167,0,0,0,0,0,0,0,0,0,0,0,0
mgodave.barge,8111,3316,148,4,209331,70386,17525,55,0,0,0,34,0,2,1,193,0,0,0,50,0,0,0,4,0,0,0,0,0,0,0,0
jsevellec.cassandra-unit,8684,8241,148,49,259029,230270,33265,5663,0,0,0,58,0,0,0,168,0,0,0,22,0,0,0,0,0,0,0,78,0,0,0,13
javasoze.clue,9914,8774,674,0,255086,221566,26522,0,0,0,0,522,0,0,0,300,0,0,0,45,0,0,0,0,0,0,0,0,0,0,0,0
airbnb.twitter-commons-sample,12601,1938,242,0,333252,44254,44454,0,0,0,0,36,0,5,0,443,0,0,0,24,0,0,0,0,0,0,0,0,0,0,0,0
ncolomer.elasticsearch-osmosis-plugin,14420,6383,344,0,432471,178250,39981,0,0,0,0,42,0,0,0,525,0,0,0,23,0,0,0,0,0,0,0,0,0,0,0,0
hazelcast.hazelcast,15475,1763,6,17,222639,35520,193,4025,0,0,0,0,0,0,0,0,0,0,0,10,0,0,0,16,0,0,0,18,0,0,0,4
jsimone.webapp-runner,15982,4138,363,0,466638,148482,63949,0,0,0,0,113,0,2,3,1094,0,0,0,104,0,0,0,0,0,0,0,0,0,0,0,0
hbaseinaction.twitbase,22483,3499,801,0,798308,123841,121502,0,12,1,2,242,0,18,5,1950,0,0,0,175,0,0,0,0,0,0,0,0,0,0,0,0
srikalyc.Sql4D,31433,14021,550,0,750891,507147,83229,0,0,0,8,62,0,0,8,996,0,0,0,107,0,0,0,0,0,0,0,0,0,0,0,0
eclipse.californium,36587,984,85,0,232338,52275,15359,0,0,0,0,4,0,0,0,177,0,0,0,6,0,0,0,0,0,0,0,0,0,0,0,0
